city,date,temperature_c,relative_humidity_pct,wind_speed_mps,wind_direction_deg,precipitation_mm,pressure_hpa,cloud_cover_pct
boston,2013-04-15,3.9,76.8,2.0,244.0,0.0,1026.2,99.8
boston,2014-04-21,4.8,79.0,2.2,214.8,0.0,1022.4,10.8
boston,2015-04-20,5.8,86.3,4.5,110.5,0.0,1020.8,100.0
boston,2016-04-18,8.9,73.7,2.6,280.3,0.0,1021.9,85.3
boston,2017-04-17,17.8,73.5,4.9,269.3,0.0,1008.5,30.5
boston,2018-04-16,3.4,88.0,9.4,75.8,6.6,1020.8,100.0
boston,2019-04-15,14.3,94.5,5.6,193.8,4.9,992.4,99.5
berlin,2013-09-29,12.9,61.8,4.7,88.5,0.0,1014.3,19.0
berlin,2014-09-28,18.5,65.2,2.1,202.5,0.0,1021.6,80.0
berlin,2015-09-27,15.4,57.2,2.9,342.3,0.0,1026.6,53.0
berlin,2016-09-25,20.7,49.7,2.9,138.5,0.0,1017.2,95.2
berlin,2017-09-24,16.2,83.3,3.3,91.8,0.4,1018.1,100.0
berlin,2018-09-16,20.2,44.0,2.7,215.2,0.0,1019.4,91.8
berlin,2019-09-29,15.1,84.3,5.1,200.8,2.9,1000.0,100.0
chicago,2013-10-13,12.1,71.0,3.6,314.7,0.0,996.9,0.0
chicago,2014-10-12,8.1,77.3,4.6,144.2,0.0,990.6,1.5
chicago,2015-10-11,12.9,69.3,6.0,223.7,0.0,982.9,49.5
chicago,2016-10-09,12.1,79.8,2.7,111.7,0.0,997.0,4.7
chicago,2017-10-08,14.1,85.8,4.0,229.8,0.0,980.9,0.0
chicago,2018-10-07,14.8,89.0,4.9,51.5,4.1,992.8,99.7
chicago,2019-10-13,4.4,80.7,4.1,252.3,0.0,981.6,43.5
nyc,2013-11-03,8.0,74.3,4.1,346.0,0.0,1011.6,62.8
nyc,2014-11-02,4.6,66.3,7.6,340.7,0.0,1005.2,100.0
nyc,2015-11-01,11.1,77.8,3.3,195.2,0.2,1010.8,100.0
nyc,2016-11-06,10.1,74.8,4.2,312.0,0.0,1017.4,8.3
nyc,2017-11-05,12.2,85.0,3.6,82.5,0.0,1021.2,99.2
nyc,2018-11-04,6.2,70.7,2.0,304.8,0.0,1028.7,32.0
nyc,2019-11-03,5.9,70.7,3.2,276.0,0.0,1014.5,0.0
